{
  "olist_customers_dataset": {
    "customer_id": {
      "column_name": "customer_id",
      "relation_with_other_columns": "Unique identifier for each customer, related to customer_unique_id as both identify the same customer.",
      "column_description": "A unique alphanumeric identifier assigned to each customer in the dataset."
    },
    "customer_unique_id": {
      "column_name": "customer_unique_id",
      "relation_with_other_columns": "Another unique identifier for each customer, related to customer_id as both identify the same customer.",
      "column_description": "An alternative unique identifier for each customer, ensuring anonymity and privacy."
    },
    "customer_zip_code_prefix": {
      "column_name": "customer_zip_code_prefix",
      "relation_with_other_columns": "Related to customer_city and customer_state as it provides geographical information about the customer's location.",
      "column_description": "The prefix of the customer's zip code, indicating the geographical area of the customer's address."
    },
    "customer_city": {
      "column_name": "customer_city",
      "relation_with_other_columns": "Related to customer_zip_code_prefix and customer_state as it provides the city information corresponding to the zip code and state.",
      "column_description": "The name of the city where the customer resides."
    },
    "customer_state": {
      "column_name": "customer_state",
      "relation_with_other_columns": "Related to customer_zip_code_prefix and customer_city as it provides the state information corresponding to the zip code and city.",
      "column_description": "The abbreviation of the state where the customer resides."
    }
  },
  "olist_order_payments_dataset": {
    "order_id": {
      "column_name": "order_id",
      "relation_with_other_columns": "Unique identifier for each order, used to associate payment details with specific transactions.",
      "column_description": "A unique alphanumeric string representing the order."
    },
    "payment_sequential": {
      "column_name": "payment_sequential",
      "relation_with_other_columns": "Indicates the sequence of payments for a particular order, typically starting at 1.",
      "column_description": "An integer representing the sequence number of the payment for the order."
    },
    "payment_type": {
      "column_name": "payment_type",
      "relation_with_other_columns": "Describes the method of payment used for the order, which can be related to payment_installments and payment_value.",
      "column_description": "A string indicating the type of payment method used, such as 'credit_card'."
    },
    "payment_installments": {
      "column_name": "payment_installments",
      "relation_with_other_columns": "Specifies the number of installments in which the payment is divided, affecting the total payment_value.",
      "column_description": "An integer representing the number of installments for the payment."
    },
    "payment_value": {
      "column_name": "payment_value",
      "relation_with_other_columns": "Represents the monetary amount of the payment, which is influenced by payment_installments and payment_type.",
      "column_description": "A decimal number indicating the total value of the payment."
    }
  },
  "olist_products_dataset": {
    "product_id": {
      "column_name": "product_id",
      "relation_with_other_columns": "Unique identifier for each product, links all product-related attributes.",
      "column_description": "A unique alphanumeric identifier for each product."
    },
    "product_category_name": {
      "column_name": "product_category_name",
      "relation_with_other_columns": "Categorizes products, potentially affecting product description and dimensions.",
      "column_description": "The category to which the product belongs, indicating its general type or use."
    },
    "product_name_lenght": {
      "column_name": "product_name_lenght",
      "relation_with_other_columns": "Related to product_id and product_category_name, indicating the length of the product's name.",
      "column_description": "The number of characters in the product's name."
    },
    "product_description_lenght": {
      "column_name": "product_description_lenght",
      "relation_with_other_columns": "Related to product_id and product_category_name, indicating the length of the product's description.",
      "column_description": "The number of characters in the product's description."
    },
    "product_photos_qty": {
      "column_name": "product_photos_qty",
      "relation_with_other_columns": "Related to product_id, indicating the number of photos available for the product.",
      "column_description": "The quantity of photos provided for the product."
    },
    "product_weight_g": {
      "column_name": "product_weight_g",
      "relation_with_other_columns": "Related to product_id, product_category_name, and dimensions, indicating the weight of the product.",
      "column_description": "The weight of the product in grams."
    },
    "product_length_cm": {
      "column_name": "product_length_cm",
      "relation_with_other_columns": "Related to product_id, product_category_name, and weight, indicating the product's length.",
      "column_description": "The length of the product in centimeters."
    },
    "product_height_cm": {
      "column_name": "product_height_cm",
      "relation_with_other_columns": "Related to product_id, product_category_name, and weight, indicating the product's height.",
      "column_description": "The height of the product in centimeters."
    },
    "product_width_cm": {
      "column_name": "product_width_cm",
      "relation_with_other_columns": "Related to product_id, product_category_name, and weight, indicating the product's width.",
      "column_description": "The width of the product in centimeters."
    }
  },
  "olist_sellers_dataset": {
    "seller_id": {
      "relation_with_other_columns": "seller_id uniquely identifies each seller and is not directly related to other columns.",
      "column_description": "A unique identifier for each seller."
    },
    "seller_zip_code_prefix": {
      "relation_with_other_columns": "seller_zip_code_prefix is related to seller_city and seller_state as it represents the geographical location of the seller.",
      "column_description": "The prefix of the seller's zip code, indicating the location of the seller."
    },
    "seller_city": {
      "relation_with_other_columns": "seller_city is related to seller_zip_code_prefix and seller_state as it provides the name of the city corresponding to the zip code prefix.",
      "column_description": "The city where the seller is located."
    },
    "seller_state": {
      "relation_with_other_columns": "seller_state is related to seller_zip_code_prefix and seller_city as it specifies the state where the seller is located.",
      "column_description": "The state where the seller is located."
    }
  }
}