[
    {
        "table_name": "olist_customers_dataset",
        "columns": [
            {
                "column_name": "customer_id",
                "column_type": "object",
                "sample_value": "b1a2bc5c5d1a2b3c4d5e6f7g8h9i0j1k",
                "is_primary_key": true,
                "is_foreign_key": false
            },
            {
                "column_name": "customer_unique_id",
                "column_type": "object",
                "sample_value": "a1b2c3d4e5f6g7h8i9j0k1l2m3n4o5p6",
                "is_primary_key": false,
                "is_foreign_key": false
            },
            {
                "column_name": "customer_zip_code_prefix",
                "column_type": "int64",
                "sample_value": 12345,
                "is_primary_key": false,
                "is_foreign_key": false
            },
            {
                "column_name": "customer_city",
                "column_type": "object",
                "sample_value": "São Paulo",
                "is_primary_key": false,
                "is_foreign_key": false
            },
            {
                "column_name": "customer_state",
                "column_type": "object",
                "sample_value": "SP",
                "is_primary_key": false,
                "is_foreign_key": false
            }
        ]
    },
    {
        "table_name": "olist_order_payments_dataset",
        "columns": [
            {
                "column_name": "order_id",
                "column_type": "object",
                "sample_value": "b1b3e8c8",
                "is_primary_key": false,
                "is_foreign_key": true
            },
            {
                "column_name": "payment_sequential",
                "column_type": "int64",
                "sample_value": 1,
                "is_primary_key": false,
                "is_foreign_key": false
            },
            {
                "column_name": "payment_type",
                "column_type": "object",
                "sample_value": "credit_card",
                "is_primary_key": false,
                "is_foreign_key": false
            },
            {
                "column_name": "payment_installments",
                "column_type": "int64",
                "sample_value": 3,
                "is_primary_key": false,
                "is_foreign_key": false
            },
            {
                "column_name": "payment_value",
                "column_type": "float64",
                "sample_value": 100.0,
                "is_primary_key": false,
                "is_foreign_key": false
            }
        ]
    },
    {
        "table_name": "olist_products_dataset",
        "columns": [
            {
                "column_name": "product_id",
                "column_type": "object",
                "sample_value": "sample_product_id",
                "is_primary_key": true,
                "is_foreign_key": false
            },
            {
                "column_name": "product_category_name",
                "column_type": "object",
                "sample_value": "sample_category_name",
                "is_primary_key": false,
                "is_foreign_key": false
            },
            {
                "column_name": "product_name_lenght",
                "column_type": "float64",
                "sample_value": 10.0,
                "is_primary_key": false,
                "is_foreign_key": false
            },
            {
                "column_name": "product_description_lenght",
                "column_type": "float64",
                "sample_value": 50.0,
                "is_primary_key": false,
                "is_foreign_key": false
            },
            {
                "column_name": "product_photos_qty",
                "column_type": "float64",
                "sample_value": 3.0,
                "is_primary_key": false,
                "is_foreign_key": false
            },
            {
                "column_name": "product_weight_g",
                "column_type": "float64",
                "sample_value": 500.0,
                "is_primary_key": false,
                "is_foreign_key": false
            },
            {
                "column_name": "product_length_cm",
                "column_type": "float64",
                "sample_value": 30.0,
                "is_primary_key": false,
                "is_foreign_key": false
            },
            {
                "column_name": "product_height_cm",
                "column_type": "float64",
                "sample_value": 10.0,
                "is_primary_key": false,
                "is_foreign_key": false
            },
            {
                "column_name": "product_width_cm",
                "column_type": "float64",
                "sample_value": 20.0,
                "is_primary_key": false,
                "is_foreign_key": false
            }
        ]
    },
    {
        "table_name": "olist_sellers_dataset",
        "columns": [
            {
                "column_name": "seller_id",
                "column_type": "object",
                "sample_value": "abc123",
                "is_primary_key": true,
                "is_foreign_key": false
            },
            {
                "column_name": "seller_zip_code_prefix",
                "column_type": "int64",
                "sample_value": 12345,
                "is_primary_key": false,
                "is_foreign_key": false
            },
            {
                "column_name": "seller_city",
                "column_type": "object",
                "sample_value": "São Paulo",
                "is_primary_key": false,
                "is_foreign_key": false
            },
            {
                "column_name": "seller_state",
                "column_type": "object",
                "sample_value": "SP",
                "is_primary_key": false,
                "is_foreign_key": false
            }
        ]
    }
]